pretax_income,tax,after_tax_income
0.0,0.0,0.0
1000.0,80.0,920.0
2000.0,160.0,1840.0
3000.0,240.0,2760.0
4000.0,320.0,3680.0
5000.0,400.0,4600.0
6000.0,480.0,5520.0
7000.0,560.0,6440.0
8000.0,640.0,7360.0
9000.0,720.0,8280.0
10000.0,800.0,9200.0
11000.0,880.0,10120.0
12000.0,960.0,11040.0
13000.0,1040.0,11960.0
14000.0,1120.0,12880.0
15000.0,1200.0,13800.0
16000.0,1280.0,14720.0
17000.0,1360.0,15640.0
18000.0,1440.0,16560.0
19000.0,1520.0,17480.0
20000.0,1600.0,18400.0
21000.0,1680.0,19320.0
22000.0,1760.0,20240.0
23000.0,1840.0,21160.0
24000.0,1920.0,22080.0
25000.0,2000.0,23000.0
26000.0,2080.0,23920.0
27000.0,2160.0,24840.0
28000.0,2240.0,25760.0
29000.0,2320.0,26680.0
30000.0,2400.0,27600.0
31000.0,2480.0,28520.0
32000.0,2560.0,29440.0
33000.0,2640.0,30360.0
34000.0,2720.0,31280.0
35000.0,2800.0,32200.0
36000.0,2880.0,33120.0
37000.0,2960.0,34040.0
38000.0,3040.0,34960.0
39000.0,3120.0,35880.0
40000.0,3200.0,36800.0
41000.0,3280.0,37720.0
42000.0,3360.0,38640.0
43000.0,3440.0,39560.0
44000.0,3520.0,40480.0
45000.0,3600.0,41400.0
46000.0,3680.0,42320.0
47000.0,3760.0,43240.0
48000.0,3840.0,44160.0
49000.0,3920.0,45080.0
50000.0,4000.0,46000.0
51000.0,4080.0,46920.0
52000.0,4160.0,47840.0
53000.0,4240.0,48760.0
54000.0,4320.0,49680.0
55000.0,4400.0,50600.0
56000.0,4480.0,51520.0
57000.0,4710.0,52290.0
58000.0,5094.0,52906.0
59000.0,5478.0,53522.0
60000.0,5862.0,54138.0
61000.0,6246.0,54754.0
62000.0,6631.0,55369.0
63000.0,7015.0,55985.0
64000.0,7399.0,56601.0
65000.0,7783.0,57217.0
66000.0,8167.0,57833.0
67000.0,8551.0,58449.0
68000.0,8935.0,59065.0
69000.0,9319.0,59681.0
70000.0,9703.0,60297.0
71000.0,10087.0,60913.0
72000.0,10471.0,61529.0
73000.0,10855.0,62145.0
74000.0,11239.0,62761.0
75000.0,11623.0,63377.0
76000.0,12007.0,63993.0
77000.0,12391.0,64609.0
78000.0,12775.0,65225.0
79000.0,13159.0,65841.0
80000.0,13543.0,66457.0
81000.0,13927.0,67073.0
82000.0,14311.0,67689.0
83000.0,14695.0,68305.0
84000.0,15079.0,68921.0
85000.0,15463.0,69537.0
86000.0,15847.0,70153.0
87000.0,16231.0,70769.0
88000.0,16615.0,71385.0
89000.0,16999.0,72001.0
90000.0,17383.0,72617.0
91000.0,17767.0,73233.0
92000.0,18151.0,73849.0
93000.0,18535.0,74465.0
94000.0,18919.0,75081.0
95000.0,19303.0,75697.0
96000.0,19687.0,76313.0
97000.0,20071.0,76929.0
98000.0,20455.0,77545.0
99000.0,20840.0,78160.0
100000.0,21224.0,78776.0
101000.0,21608.0,79392.0
102000.0,21992.0,80008.0
103000.0,22376.0,80624.0
104000.0,22760.0,81240.0
105000.0,23144.0,81856.0
106000.0,23528.0,82472.0
107000.0,23912.0,83088.0
108000.0,24296.0,83704.0
109000.0,24680.0,84320.0
110000.0,25064.0,84936.0
111000.0,25448.0,85552.0
112000.0,25832.0,86168.0
113000.0,26216.0,86784.0
114000.0,26600.0,87400.0
115000.0,26984.0,88016.0
116000.0,27368.0,88632.0
117000.0,27752.0,89248.0
118000.0,28136.0,89864.0
119000.0,28520.0,90480.0
120000.0,28904.0,91096.0
121000.0,29288.0,91712.0
122000.0,29672.0,92328.0
123000.0,30056.0,92944.0
124000.0,30440.0,93560.0
125000.0,30824.0,94176.0
126000.0,31208.0,94792.0
127000.0,31592.0,95408.0
128000.0,31976.0,96024.0
129000.0,32360.0,96640.0
130000.0,32744.0,97256.0
131000.0,33128.0,97872.0
132000.0,33512.0,98488.0
133000.0,33896.0,99104.0
134000.0,34280.0,99720.0
135000.0,34665.0,100335.0
136000.0,35049.0,100951.0
137000.0,35433.0,101567.0
138000.0,35817.0,102183.0
139000.0,36201.0,102799.0
140000.0,36585.0,103415.0
141000.0,36969.0,104031.0
142000.0,37353.0,104647.0
143000.0,37737.0,105263.0
144000.0,38121.0,105879.0
145000.0,38505.0,106495.0
146000.0,38889.0,107111.0
147000.0,39273.0,107727.0
148000.0,39657.0,108343.0
149000.0,40041.0,108959.0
150000.0,40425.0,109575.0
151000.0,40809.0,110191.0
152000.0,41193.0,110807.0
153000.0,41577.0,111423.0
154000.0,41961.0,112039.0
155000.0,42345.0,112655.0
156000.0,42729.0,113271.0
157000.0,43113.0,113887.0
158000.0,43497.0,114503.0
159000.0,43881.0,115119.0
160000.0,44265.0,115735.0
161000.0,44649.0,116351.0
162000.0,45033.0,116967.0
163000.0,45417.0,117583.0
164000.0,45801.0,118199.0
165000.0,46185.0,118815.0
166000.0,46569.0,119431.0
167000.0,46953.0,120047.0
168000.0,47337.0,120663.0
169000.0,47721.0,121279.0
170000.0,48105.0,121895.0
171000.0,48490.0,122510.0
172000.0,48874.0,123126.0
173000.0,49258.0,123742.0
174000.0,49642.0,124358.0
175000.0,50026.0,124974.0
176000.0,50410.0,125590.0
177000.0,50794.0,126206.0
178000.0,51178.0,126822.0
179000.0,51562.0,127438.0
180000.0,51946.0,128054.0
181000.0,52330.0,128670.0
182000.0,52714.0,129286.0
183000.0,53098.0,129902.0
184000.0,53482.0,130518.0
185000.0,53866.0,131134.0
186000.0,54250.0,131750.0
187000.0,54634.0,132366.0
188000.0,55018.0,132982.0
189000.0,55402.0,133598.0
190000.0,55786.0,134214.0
191000.0,56170.0,134830.0
192000.0,56554.0,135446.0
193000.0,56938.0,136062.0
194000.0,57322.0,136678.0
195000.0,57706.0,137294.0
196000.0,58090.0,137910.0
197000.0,58474.0,138526.0
198000.0,58858.0,139142.0
199000.0,59242.0,139758.0
200000.0,59626.0,140374.0
201000.0,60010.0,140990.0
202000.0,60394.0,141606.0
203000.0,60778.0,142222.0
204000.0,61162.0,142838.0
205000.0,61546.0,143454.0
206000.0,61930.0,144070.0
207000.0,62314.0,144686.0
208000.0,62699.0,145301.0
209000.0,63079.0,145921.0
210000.0,63453.0,146547.0
211000.0,63826.0,147174.0
212000.0,64199.0,147801.0
213000.0,64573.0,148427.0
214000.0,64946.0,149054.0
215000.0,65320.0,149680.0
216000.0,65693.0,150307.0
217000.0,66066.0,150934.0
218000.0,66440.0,151560.0
219000.0,66813.0,152187.0
220000.0,67186.0,152814.0
221000.0,67560.0,153440.0
222000.0,67933.0,154067.0
223000.0,68306.0,154694.0
224000.0,68680.0,155320.0
225000.0,69053.0,155947.0
226000.0,69427.0,156573.0
227000.0,69800.0,157200.0
228000.0,70173.0,157827.0
229000.0,70547.0,158453.0
230000.0,70920.0,159080.0
231000.0,71293.0,159707.0
232000.0,71667.0,160333.0
233000.0,72040.0,160960.0
234000.0,72413.0,161587.0
235000.0,72787.0,162213.0
236000.0,73160.0,162840.0
237000.0,73533.0,163467.0
238000.0,73907.0,164093.0
239000.0,74280.0,164720.0
240000.0,74654.0,165346.0
241000.0,75027.0,165973.0
242000.0,75400.0,166600.0
243000.0,75774.0,167226.0
244000.0,76147.0,167853.0
245000.0,76520.0,168480.0
246000.0,76894.0,169106.0
247000.0,77267.0,169733.0
248000.0,77640.0,170360.0
249000.0,78014.0,170986.0
250000.0,78387.0,171613.0
251000.0,78761.0,172239.0
252000.0,79134.0,172866.0
253000.0,79507.0,173493.0
254000.0,79881.0,174119.0
255000.0,80254.0,174746.0
256000.0,80627.0,175373.0
257000.0,81001.0,175999.0
258000.0,81374.0,176626.0
259000.0,81747.0,177253.0
260000.0,82121.0,177879.0
261000.0,82494.0,178506.0
262000.0,82868.0,179132.0
263000.0,83241.0,179759.0
264000.0,83614.0,180386.0
265000.0,83988.0,181012.0
266000.0,84361.0,181639.0
267000.0,84734.0,182266.0
268000.0,85108.0,182892.0
269000.0,85484.0,183516.0
270000.0,85868.0,184132.0
271000.0,86252.0,184748.0
272000.0,86636.0,185364.0
273000.0,87020.0,185980.0
274000.0,87404.0,186596.0
275000.0,87788.0,187212.0
276000.0,88172.0,187828.0
277000.0,88557.0,188443.0
278000.0,88941.0,189059.0
279000.0,89325.0,189675.0
280000.0,89709.0,190291.0
281000.0,90093.0,190907.0
282000.0,90477.0,191523.0
283000.0,90861.0,192139.0
284000.0,91245.0,192755.0
285000.0,91629.0,193371.0
286000.0,92013.0,193987.0
287000.0,92397.0,194603.0
288000.0,92781.0,195219.0
289000.0,93165.0,195835.0
290000.0,93549.0,196451.0
291000.0,93933.0,197067.0
292000.0,94317.0,197683.0
293000.0,94701.0,198299.0
294000.0,95085.0,198915.0
295000.0,95469.0,199531.0
296000.0,95853.0,200147.0
297000.0,96237.0,200763.0
298000.0,96621.0,201379.0
299000.0,97005.0,201995.0
300000.0,97389.0,202611.0
301000.0,97773.0,203227.0
302000.0,98157.0,203843.0
303000.0,98541.0,204459.0
304000.0,98925.0,205075.0
305000.0,99309.0,205691.0
306000.0,99693.0,206307.0
307000.0,100077.0,206923.0
308000.0,100461.0,207539.0
309000.0,100845.0,208155.0
310000.0,101229.0,208771.0
311000.0,101613.0,209387.0
312000.0,101997.0,210003.0
313000.0,102382.0,210618.0
314000.0,102766.0,211234.0
315000.0,103150.0,211850.0
316000.0,103534.0,212466.0
317000.0,103918.0,213082.0
318000.0,104302.0,213698.0
319000.0,104686.0,214314.0
320000.0,105070.0,214930.0
321000.0,105454.0,215546.0
322000.0,105838.0,216162.0
323000.0,106222.0,216778.0
324000.0,106606.0,217394.0
325000.0,106990.0,218010.0
326000.0,107374.0,218626.0
327000.0,107758.0,219242.0
328000.0,108142.0,219858.0
329000.0,108526.0,220474.0
330000.0,108910.0,221090.0
331000.0,109294.0,221706.0
332000.0,109678.0,222322.0
333000.0,110062.0,222938.0
334000.0,110446.0,223554.0
335000.0,110830.0,224170.0
336000.0,111214.0,224786.0
337000.0,111598.0,225402.0
338000.0,111982.0,226018.0
339000.0,112366.0,226634.0
340000.0,112750.0,227250.0
341000.0,113134.0,227866.0
342000.0,113518.0,228482.0
343000.0,113902.0,229098.0
344000.0,114286.0,229714.0
345000.0,114670.0,230330.0
346000.0,115054.0,230946.0
347000.0,115438.0,231562.0
348000.0,115822.0,232178.0
349000.0,116206.0,232794.0
350000.0,116591.0,233409.0
351000.0,116975.0,234025.0
352000.0,117359.0,234641.0
353000.0,117743.0,235257.0
354000.0,118127.0,235873.0
355000.0,118511.0,236489.0
356000.0,118895.0,237105.0
357000.0,119279.0,237721.0
358000.0,119663.0,238337.0
359000.0,120047.0,238953.0
360000.0,120431.0,239569.0
361000.0,120815.0,240185.0
362000.0,121199.0,240801.0
363000.0,121583.0,241417.0
364000.0,121967.0,242033.0
365000.0,122351.0,242649.0
366000.0,122735.0,243265.0
367000.0,123119.0,243881.0
368000.0,123503.0,244497.0
369000.0,123887.0,245113.0
370000.0,124271.0,245729.0
371000.0,124655.0,246345.0
372000.0,125039.0,246961.0
373000.0,125423.0,247577.0
374000.0,125807.0,248193.0
375000.0,126191.0,248809.0
376000.0,126575.0,249425.0
377000.0,126959.0,250041.0
378000.0,127343.0,250657.0
379000.0,127727.0,251273.0
380000.0,128111.0,251889.0
381000.0,128495.0,252505.0
382000.0,128879.0,253121.0
383000.0,129263.0,253737.0
384000.0,129647.0,254353.0
385000.0,130031.0,254969.0
386000.0,130416.0,255584.0
387000.0,130800.0,256200.0
388000.0,131184.0,256816.0
389000.0,131568.0,257432.0
390000.0,131952.0,258048.0
391000.0,132336.0,258664.0
392000.0,132720.0,259280.0
393000.0,133104.0,259896.0
394000.0,133488.0,260512.0
395000.0,133872.0,261128.0
396000.0,134256.0,261744.0
397000.0,134640.0,262360.0
398000.0,135024.0,262976.0
399000.0,135408.0,263592.0
400000.0,135792.0,264208.0
401000.0,136176.0,264824.0
402000.0,136560.0,265440.0
403000.0,136944.0,266056.0
404000.0,137328.0,266672.0
405000.0,137712.0,267288.0
406000.0,138096.0,267904.0
407000.0,138480.0,268520.0
408000.0,138864.0,269136.0
409000.0,139248.0,269752.0
410000.0,139632.0,270368.0
411000.0,140016.0,270984.0
412000.0,140400.0,271600.0
413000.0,140784.0,272216.0
414000.0,141168.0,272832.0
415000.0,141552.0,273448.0
416000.0,141936.0,274064.0
417000.0,142320.0,274680.0
418000.0,142704.0,275296.0
419000.0,143088.0,275912.0
420000.0,143472.0,276528.0
421000.0,143856.0,277144.0
422000.0,144241.0,277759.0
423000.0,144625.0,278375.0
424000.0,145009.0,278991.0
425000.0,145393.0,279607.0
426000.0,145777.0,280223.0
427000.0,146161.0,280839.0
428000.0,146545.0,281455.0
429000.0,146950.0,282050.0
430000.0,147359.0,282641.0
431000.0,147768.0,283232.0
432000.0,148177.0,283823.0
433000.0,148587.0,284413.0
434000.0,148996.0,285004.0
435000.0,149405.0,285595.0
436000.0,149815.0,286185.0
437000.0,150224.0,286776.0
438000.0,150633.0,287367.0
439000.0,151042.0,287958.0
440000.0,151452.0,288548.0
441000.0,151861.0,289139.0
442000.0,152270.0,289730.0
443000.0,152679.0,290321.0
444000.0,153089.0,290911.0
445000.0,153498.0,291502.0
446000.0,153907.0,292093.0
447000.0,154316.0,292684.0
448000.0,154726.0,293274.0
449000.0,155135.0,293865.0
450000.0,155544.0,294456.0
451000.0,155954.0,295046.0
452000.0,156363.0,295637.0
453000.0,156772.0,296228.0
454000.0,157181.0,296819.0
455000.0,157591.0,297409.0
456000.0,158000.0,298000.0
457000.0,158409.0,298591.0
458000.0,158818.0,299182.0
459000.0,159228.0,299772.0
460000.0,159637.0,300363.0
461000.0,160046.0,300954.0
462000.0,160456.0,301544.0
463000.0,160865.0,302135.0
464000.0,161274.0,302726.0
465000.0,161683.0,303317.0
466000.0,162093.0,303907.0
467000.0,162502.0,304498.0
468000.0,162911.0,305089.0
469000.0,163320.0,305680.0
470000.0,163730.0,306270.0
471000.0,164139.0,306861.0
472000.0,164548.0,307452.0
473000.0,164957.0,308043.0
474000.0,165367.0,308633.0
475000.0,165776.0,309224.0
476000.0,166185.0,309815.0
477000.0,166595.0,310405.0
478000.0,167004.0,310996.0
479000.0,167413.0,311587.0
480000.0,167822.0,312178.0
481000.0,168232.0,312768.0
482000.0,168641.0,313359.0
483000.0,169050.0,313950.0
484000.0,169459.0,314541.0
485000.0,169869.0,315131.0
486000.0,170278.0,315722.0
487000.0,170687.0,316313.0
488000.0,171096.0,316904.0
489000.0,171506.0,317494.0
490000.0,171915.0,318085.0
491000.0,172324.0,318676.0
492000.0,172734.0,319266.0
493000.0,173143.0,319857.0
494000.0,173552.0,320448.0
495000.0,173961.0,321039.0
496000.0,174371.0,321629.0
497000.0,174780.0,322220.0
498000.0,175189.0,322811.0
499000.0,175598.0,323402.0
500000.0,176008.0,323992.0
501000.0,176417.0,324583.0
502000.0,176826.0,325174.0
503000.0,177236.0,325764.0
504000.0,177645.0,326355.0
505000.0,178054.0,326946.0
506000.0,178463.0,327537.0
507000.0,178873.0,328127.0
508000.0,179282.0,328718.0
509000.0,179691.0,329309.0
510000.0,180100.0,329900.0
511000.0,180510.0,330490.0
512000.0,180919.0,331081.0
513000.0,181328.0,331672.0
514000.0,181737.0,332263.0
515000.0,182147.0,332853.0
516000.0,182556.0,333444.0
517000.0,182965.0,334035.0
518000.0,183375.0,334625.0
519000.0,183784.0,335216.0
520000.0,184193.0,335807.0
521000.0,184602.0,336398.0
522000.0,185012.0,336988.0
523000.0,185421.0,337579.0
524000.0,185830.0,338170.0
525000.0,186239.0,338761.0
526000.0,186649.0,339351.0
527000.0,187058.0,339942.0
528000.0,187467.0,340533.0
529000.0,187876.0,341124.0
530000.0,188286.0,341714.0
531000.0,188695.0,342305.0
532000.0,189104.0,342896.0
533000.0,189514.0,343486.0
534000.0,189923.0,344077.0
535000.0,190332.0,344668.0
536000.0,190741.0,345259.0
537000.0,191151.0,345849.0
538000.0,191560.0,346440.0
539000.0,191969.0,347031.0
540000.0,192378.0,347622.0
541000.0,192788.0,348212.0
542000.0,193197.0,348803.0
543000.0,193606.0,349394.0
544000.0,194015.0,349985.0
545000.0,194425.0,350575.0
546000.0,194834.0,351166.0
547000.0,195243.0,351757.0
548000.0,195653.0,352347.0
549000.0,196062.0,352938.0
550000.0,196471.0,353529.0
551000.0,196880.0,354120.0
552000.0,197290.0,354710.0
553000.0,197699.0,355301.0
554000.0,198108.0,355892.0
555000.0,198517.0,356483.0
556000.0,198927.0,357073.0
557000.0,199336.0,357664.0
558000.0,199745.0,358255.0
559000.0,200155.0,358845.0
560000.0,200564.0,359436.0
561000.0,200973.0,360027.0
562000.0,201382.0,360618.0
563000.0,201792.0,361208.0
564000.0,202201.0,361799.0
565000.0,202610.0,362390.0
566000.0,203019.0,362981.0
567000.0,203429.0,363571.0
568000.0,203838.0,364162.0
569000.0,204247.0,364753.0
570000.0,204656.0,365344.0
571000.0,205066.0,365934.0
572000.0,205475.0,366525.0
573000.0,205884.0,367116.0
574000.0,206294.0,367706.0
575000.0,206703.0,368297.0
576000.0,207112.0,368888.0
577000.0,207521.0,369479.0
578000.0,207931.0,370069.0
579000.0,208340.0,370660.0
580000.0,208749.0,371251.0
581000.0,209158.0,371842.0
582000.0,209568.0,372432.0
583000.0,209977.0,373023.0
584000.0,210386.0,373614.0
585000.0,210795.0,374205.0
586000.0,211205.0,374795.0
587000.0,211614.0,375386.0
588000.0,212023.0,375977.0
589000.0,212433.0,376567.0
590000.0,212842.0,377158.0
591000.0,213251.0,377749.0
592000.0,213660.0,378340.0
593000.0,214070.0,378930.0
594000.0,214479.0,379521.0
595000.0,214888.0,380112.0
596000.0,215297.0,380703.0
597000.0,215707.0,381293.0
598000.0,216116.0,381884.0
599000.0,216525.0,382475.0
600000.0,216935.0,383065.0
601000.0,217344.0,383656.0
602000.0,217753.0,384247.0
603000.0,218162.0,384838.0
604000.0,218572.0,385428.0
605000.0,218981.0,386019.0
606000.0,219390.0,386610.0
607000.0,219799.0,387201.0
608000.0,220209.0,387791.0
609000.0,220618.0,388382.0
610000.0,221027.0,388973.0
611000.0,221436.0,389564.0
612000.0,221846.0,390154.0
613000.0,222255.0,390745.0
614000.0,222664.0,391336.0
615000.0,223074.0,391926.0
616000.0,223483.0,392517.0
617000.0,223892.0,393108.0
618000.0,224301.0,393699.0
619000.0,224798.0,394202.0
620000.0,225345.0,394655.0
621000.0,225892.0,395108.0
622000.0,226439.0,395561.0
623000.0,226987.0,396013.0
624000.0,227534.0,396466.0
625000.0,228081.0,396919.0
626000.0,228628.0,397372.0
627000.0,229176.0,397824.0
628000.0,229723.0,398277.0
629000.0,230270.0,398730.0
630000.0,230818.0,399182.0
631000.0,231365.0,399635.0
632000.0,231912.0,400088.0
633000.0,232459.0,400541.0
634000.0,233007.0,400993.0
635000.0,233554.0,401446.0
636000.0,234101.0,401899.0
637000.0,234648.0,402352.0
638000.0,235196.0,402804.0
639000.0,235743.0,403257.0
640000.0,236290.0,403710.0
641000.0,236837.0,404163.0
642000.0,237385.0,404615.0
643000.0,237932.0,405068.0
644000.0,238479.0,405521.0
645000.0,239027.0,405973.0
646000.0,239574.0,406426.0
647000.0,240121.0,406879.0
648000.0,240668.0,407332.0
649000.0,241216.0,407784.0
650000.0,241763.0,408237.0
651000.0,242310.0,408690.0
652000.0,242857.0,409143.0
653000.0,243405.0,409595.0
654000.0,243952.0,410048.0
655000.0,244499.0,410501.0
656000.0,245047.0,410953.0
657000.0,245594.0,411406.0
658000.0,246141.0,411859.0
659000.0,246688.0,412312.0
660000.0,247236.0,412764.0
661000.0,247783.0,413217.0
662000.0,248330.0,413670.0
663000.0,248877.0,414123.0
664000.0,249425.0,414575.0
665000.0,249972.0,415028.0
666000.0,250519.0,415481.0
667000.0,251066.0,415934.0
668000.0,251614.0,416386.0
669000.0,252161.0,416839.0
670000.0,252708.0,417292.0
671000.0,253256.0,417744.0
672000.0,253803.0,418197.0
673000.0,254350.0,418650.0
674000.0,254897.0,419103.0
675000.0,255445.0,419555.0
676000.0,255992.0,420008.0
677000.0,256539.0,420461.0
678000.0,257086.0,420914.0
679000.0,257634.0,421366.0
680000.0,258181.0,421819.0
681000.0,258728.0,422272.0
682000.0,259275.0,422725.0
683000.0,259823.0,423177.0
684000.0,260370.0,423630.0
685000.0,260917.0,424083.0
686000.0,261465.0,424535.0
687000.0,262012.0,424988.0
688000.0,262559.0,425441.0
689000.0,263106.0,425894.0
690000.0,263654.0,426346.0
691000.0,264201.0,426799.0
692000.0,264748.0,427252.0
693000.0,265295.0,427705.0
694000.0,265843.0,428157.0
695000.0,266390.0,428610.0
696000.0,266937.0,429063.0
697000.0,267484.0,429516.0
698000.0,268032.0,429968.0
699000.0,268579.0,430421.0
700000.0,269126.0,430874.0
701000.0,269674.0,431326.0
702000.0,270221.0,431779.0
703000.0,270768.0,432232.0
704000.0,271315.0,432685.0
705000.0,271863.0,433137.0
706000.0,272410.0,433590.0
707000.0,272957.0,434043.0
708000.0,273504.0,434496.0
709000.0,274052.0,434948.0
710000.0,274599.0,435401.0
711000.0,275146.0,435854.0
712000.0,275694.0,436306.0
713000.0,276241.0,436759.0
714000.0,276788.0,437212.0
715000.0,277335.0,437665.0
716000.0,277883.0,438117.0
717000.0,278430.0,438570.0
718000.0,278977.0,439023.0
719000.0,279524.0,439476.0
720000.0,280072.0,439928.0
721000.0,280619.0,440381.0
722000.0,281166.0,440834.0
723000.0,281713.0,441287.0
724000.0,282261.0,441739.0
725000.0,282808.0,442192.0
726000.0,283355.0,442645.0
727000.0,283903.0,443097.0
728000.0,284450.0,443550.0
729000.0,284997.0,444003.0
730000.0,285544.0,444456.0
731000.0,286092.0,444908.0
732000.0,286639.0,445361.0
733000.0,287186.0,445814.0
734000.0,287733.0,446267.0
735000.0,288281.0,446719.0
736000.0,288828.0,447172.0
737000.0,289375.0,447625.0
738000.0,289922.0,448078.0
739000.0,290470.0,448530.0
740000.0,291017.0,448983.0
741000.0,291564.0,449436.0
742000.0,292112.0,449888.0
743000.0,292659.0,450341.0
744000.0,293206.0,450794.0
745000.0,293753.0,451247.0
746000.0,294301.0,451699.0
747000.0,294848.0,452152.0
748000.0,295395.0,452605.0
749000.0,295942.0,453058.0
750000.0,296490.0,453510.0
751000.0,297037.0,453963.0
752000.0,297584.0,454416.0
753000.0,298132.0,454868.0
754000.0,298679.0,455321.0
755000.0,299226.0,455774.0
756000.0,299773.0,456227.0
757000.0,300321.0,456679.0
758000.0,300868.0,457132.0
759000.0,301415.0,457585.0
760000.0,301962.0,458038.0
761000.0,302510.0,458490.0
762000.0,303057.0,458943.0
763000.0,303604.0,459396.0
764000.0,304151.0,459849.0
765000.0,304699.0,460301.0
766000.0,305246.0,460754.0
767000.0,305793.0,461207.0
768000.0,306341.0,461659.0
769000.0,306888.0,462112.0
770000.0,307435.0,462565.0
771000.0,307982.0,463018.0
772000.0,308530.0,463470.0
773000.0,309077.0,463923.0
774000.0,309624.0,464376.0
775000.0,310171.0,464829.0
776000.0,310719.0,465281.0
777000.0,311266.0,465734.0
778000.0,311813.0,466187.0
779000.0,312360.0,466640.0
780000.0,312908.0,467092.0
781000.0,313455.0,467545.0
782000.0,314002.0,467998.0
783000.0,314550.0,468450.0
784000.0,315097.0,468903.0
785000.0,315644.0,469356.0
786000.0,316191.0,469809.0
787000.0,316739.0,470261.0
788000.0,317286.0,470714.0
789000.0,317833.0,471167.0
790000.0,318380.0,471620.0
791000.0,318928.0,472072.0
792000.0,319475.0,472525.0
793000.0,320022.0,472978.0
794000.0,320569.0,473431.0
795000.0,321117.0,473883.0
796000.0,321664.0,474336.0
797000.0,322211.0,474789.0
798000.0,322759.0,475241.0
799000.0,323306.0,475694.0
800000.0,323853.0,476147.0
801000.0,324400.0,476600.0
802000.0,324948.0,477052.0
803000.0,325495.0,477505.0
804000.0,326042.0,477958.0
805000.0,326589.0,478411.0
806000.0,327137.0,478863.0
807000.0,327684.0,479316.0
808000.0,328231.0,479769.0
809000.0,328779.0,480221.0
810000.0,329326.0,480674.0
811000.0,329873.0,481127.0
812000.0,330420.0,481580.0
813000.0,330968.0,482032.0
814000.0,331515.0,482485.0
815000.0,332062.0,482938.0
816000.0,332609.0,483391.0
817000.0,333157.0,483843.0
818000.0,333704.0,484296.0
819000.0,334251.0,484749.0
820000.0,334798.0,485202.0
821000.0,335346.0,485654.0
822000.0,335893.0,486107.0
823000.0,336440.0,486560.0
824000.0,336988.0,487012.0
825000.0,337535.0,487465.0
826000.0,338082.0,487918.0
827000.0,338629.0,488371.0
828000.0,339177.0,488823.0
829000.0,339724.0,489276.0
830000.0,340271.0,489729.0
831000.0,340818.0,490182.0
832000.0,341366.0,490634.0
833000.0,341913.0,491087.0
834000.0,342460.0,491540.0
835000.0,343007.0,491993.0
836000.0,343555.0,492445.0
837000.0,344102.0,492898.0
838000.0,344649.0,493351.0
839000.0,345197.0,493803.0
840000.0,345744.0,494256.0
841000.0,346291.0,494709.0
842000.0,346838.0,495162.0
843000.0,347386.0,495614.0
844000.0,347933.0,496067.0
845000.0,348480.0,496520.0
846000.0,349027.0,496973.0
847000.0,349575.0,497425.0
848000.0,350122.0,497878.0
849000.0,350669.0,498331.0
850000.0,351217.0,498783.0
851000.0,351764.0,499236.0
852000.0,352311.0,499689.0
853000.0,352858.0,500142.0
854000.0,353406.0,500594.0
855000.0,353953.0,501047.0
856000.0,354500.0,501500.0
857000.0,355047.0,501953.0
858000.0,355595.0,502405.0
859000.0,356142.0,502858.0
860000.0,356689.0,503311.0
861000.0,357236.0,503764.0
862000.0,357784.0,504216.0
863000.0,358331.0,504669.0
864000.0,358878.0,505122.0
865000.0,359426.0,505574.0
866000.0,359973.0,506027.0
867000.0,360520.0,506480.0
868000.0,361067.0,506933.0
869000.0,361615.0,507385.0
870000.0,362162.0,507838.0
871000.0,362709.0,508291.0
872000.0,363256.0,508744.0
873000.0,363804.0,509196.0
874000.0,364351.0,509649.0
875000.0,364898.0,510102.0
876000.0,365445.0,510555.0
877000.0,365993.0,511007.0
878000.0,366540.0,511460.0
879000.0,367087.0,511913.0
880000.0,367635.0,512365.0
881000.0,368182.0,512818.0
882000.0,368729.0,513271.0
883000.0,369276.0,513724.0
884000.0,369824.0,514176.0
885000.0,370371.0,514629.0
886000.0,370918.0,515082.0
887000.0,371465.0,515535.0
888000.0,372013.0,515987.0
889000.0,372560.0,516440.0
890000.0,373107.0,516893.0
891000.0,373654.0,517346.0
892000.0,374202.0,517798.0
893000.0,374749.0,518251.0
894000.0,375296.0,518704.0
895000.0,375844.0,519156.0
896000.0,376391.0,519609.0
897000.0,376938.0,520062.0
898000.0,377485.0,520515.0
899000.0,378033.0,520967.0
900000.0,378580.0,521420.0
901000.0,379127.0,521873.0
902000.0,379674.0,522326.0
903000.0,380222.0,522778.0
904000.0,380769.0,523231.0
905000.0,381316.0,523684.0
906000.0,381864.0,524136.0
907000.0,382411.0,524589.0
908000.0,382958.0,525042.0
909000.0,383505.0,525495.0
910000.0,384053.0,525947.0
911000.0,384600.0,526400.0
912000.0,385147.0,526853.0
913000.0,385694.0,527306.0
914000.0,386242.0,527758.0
915000.0,386789.0,528211.0
916000.0,387336.0,528664.0
917000.0,387883.0,529117.0
918000.0,388431.0,529569.0
919000.0,388978.0,530022.0
920000.0,389525.0,530475.0
921000.0,390073.0,530927.0
922000.0,390620.0,531380.0
923000.0,391167.0,531833.0
924000.0,391714.0,532286.0
925000.0,392262.0,532738.0
926000.0,392809.0,533191.0
927000.0,393356.0,533644.0
928000.0,393903.0,534097.0
929000.0,394451.0,534549.0
930000.0,394998.0,535002.0
931000.0,395545.0,535455.0
932000.0,396092.0,535908.0
933000.0,396640.0,536360.0
934000.0,397187.0,536813.0
935000.0,397734.0,537266.0
936000.0,398282.0,537718.0
937000.0,398829.0,538171.0
938000.0,399376.0,538624.0
939000.0,399923.0,539077.0
940000.0,400471.0,539529.0
941000.0,401018.0,539982.0
942000.0,401565.0,540435.0
943000.0,402112.0,540888.0
944000.0,402660.0,541340.0
945000.0,403207.0,541793.0
946000.0,403754.0,542246.0
947000.0,404301.0,542699.0
948000.0,404849.0,543151.0
949000.0,405396.0,543604.0
950000.0,405943.0,544057.0
951000.0,406491.0,544509.0
952000.0,407038.0,544962.0
953000.0,407585.0,545415.0
954000.0,408132.0,545868.0
955000.0,408680.0,546320.0
956000.0,409227.0,546773.0
957000.0,409774.0,547226.0
958000.0,410321.0,547679.0
959000.0,410869.0,548131.0
960000.0,411416.0,548584.0
961000.0,411963.0,549037.0
962000.0,412511.0,549489.0
963000.0,413058.0,549942.0
964000.0,413605.0,550395.0
965000.0,414152.0,550848.0
966000.0,414700.0,551300.0
967000.0,415247.0,551753.0
968000.0,415794.0,552206.0
969000.0,416341.0,552659.0
970000.0,416889.0,553111.0
971000.0,417436.0,553564.0
972000.0,417983.0,554017.0
973000.0,418530.0,554470.0
974000.0,419078.0,554922.0
975000.0,419625.0,555375.0
976000.0,420172.0,555828.0
977000.0,420720.0,556280.0
978000.0,421267.0,556733.0
979000.0,421814.0,557186.0
980000.0,422361.0,557639.0
981000.0,422909.0,558091.0
982000.0,423456.0,558544.0
983000.0,424003.0,558997.0
984000.0,424550.0,559450.0
985000.0,425098.0,559902.0
986000.0,425645.0,560355.0
987000.0,426192.0,560808.0
988000.0,426739.0,561261.0
989000.0,427287.0,561713.0
990000.0,427834.0,562166.0
991000.0,428381.0,562619.0
992000.0,428929.0,563071.0
993000.0,429476.0,563524.0
994000.0,430023.0,563977.0
995000.0,430570.0,564430.0
996000.0,431118.0,564882.0
997000.0,431665.0,565335.0
998000.0,432212.0,565788.0
999000.0,432759.0,566241.0
1000000.0,433307.0,566693.0
1001000.0,433854.0,567146.0
1002000.0,434401.0,567599.0
1003000.0,434949.0,568051.0
1004000.0,435496.0,568504.0
1005000.0,436043.0,568957.0
1006000.0,436590.0,569410.0
1007000.0,437138.0,569862.0
1008000.0,437685.0,570315.0
1009000.0,438232.0,570768.0
1010000.0,438779.0,571221.0
1011000.0,439327.0,571673.0
1012000.0,439874.0,572126.0
1013000.0,440421.0,572579.0
1014000.0,440968.0,573032.0
1015000.0,441516.0,573484.0
1016000.0,442063.0,573937.0
1017000.0,442610.0,574390.0
1018000.0,443158.0,574842.0
1019000.0,443705.0,575295.0
1020000.0,444252.0,575748.0
1021000.0,444799.0,576201.0
1022000.0,445347.0,576653.0
1023000.0,445894.0,577106.0
1024000.0,446441.0,577559.0
1025000.0,446988.0,578012.0
1026000.0,447536.0,578464.0
1027000.0,448083.0,578917.0
1028000.0,448630.0,579370.0
1029000.0,449177.0,579823.0
1030000.0,449725.0,580275.0
1031000.0,450272.0,580728.0
1032000.0,450819.0,581181.0
1033000.0,451367.0,581633.0
1034000.0,451914.0,582086.0
1035000.0,452461.0,582539.0
1036000.0,453008.0,582992.0
1037000.0,453556.0,583444.0
1038000.0,454103.0,583897.0
1039000.0,454650.0,584350.0
1040000.0,455197.0,584803.0
1041000.0,455745.0,585255.0
1042000.0,456292.0,585708.0
1043000.0,456839.0,586161.0
1044000.0,457386.0,586614.0
1045000.0,457934.0,587066.0
1046000.0,458481.0,587519.0
1047000.0,459028.0,587972.0
1048000.0,459576.0,588424.0
1049000.0,460123.0,588877.0
1050000.0,460670.0,589330.0
1051000.0,461217.0,589783.0
1052000.0,461765.0,590235.0
1053000.0,462312.0,590688.0
1054000.0,462859.0,591141.0
1055000.0,463406.0,591594.0
1056000.0,463954.0,592046.0
1057000.0,464501.0,592499.0
1058000.0,465048.0,592952.0
1059000.0,465596.0,593404.0
1060000.0,466143.0,593857.0
1061000.0,466690.0,594310.0
1062000.0,467237.0,594763.0
1063000.0,467785.0,595215.0
1064000.0,468332.0,595668.0
1065000.0,468879.0,596121.0
1066000.0,469426.0,596574.0
1067000.0,469974.0,597026.0
1068000.0,470521.0,597479.0
1069000.0,471068.0,597932.0
1070000.0,471615.0,598385.0
1071000.0,472163.0,598837.0
1072000.0,472710.0,599290.0
1073000.0,473257.0,599743.0
1074000.0,473805.0,600195.0
1075000.0,474352.0,600648.0
1076000.0,474899.0,601101.0
1077000.0,475446.0,601554.0
1078000.0,475994.0,602006.0
1079000.0,476541.0,602459.0
1080000.0,477088.0,602912.0
1081000.0,477635.0,603365.0
1082000.0,478183.0,603817.0
1083000.0,478730.0,604270.0
1084000.0,479277.0,604723.0
1085000.0,479824.0,605176.0
1086000.0,480372.0,605628.0
1087000.0,480919.0,606081.0
1088000.0,481466.0,606534.0
1089000.0,482014.0,606986.0
1090000.0,482561.0,607439.0
1091000.0,483108.0,607892.0
1092000.0,483655.0,608345.0
1093000.0,484203.0,608797.0
1094000.0,484750.0,609250.0
1095000.0,485297.0,609703.0
1096000.0,485844.0,610156.0
1097000.0,486392.0,610608.0
1098000.0,486939.0,611061.0
1099000.0,487486.0,611514.0
1100000.0,488034.0,611966.0
1101000.0,488581.0,612419.0
1102000.0,489128.0,612872.0
1103000.0,489675.0,613325.0
1104000.0,490223.0,613777.0
1105000.0,490770.0,614230.0
1106000.0,491317.0,614683.0
1107000.0,491864.0,615136.0
1108000.0,492412.0,615588.0
1109000.0,492959.0,616041.0
1110000.0,493506.0,616494.0
1111000.0,494053.0,616947.0
1112000.0,494601.0,617399.0
1113000.0,495148.0,617852.0
1114000.0,495695.0,618305.0
1115000.0,496243.0,618757.0
1116000.0,496790.0,619210.0
1117000.0,497337.0,619663.0
1118000.0,497884.0,620116.0
1119000.0,498432.0,620568.0
1120000.0,498979.0,621021.0
1121000.0,499526.0,621474.0
1122000.0,500073.0,621927.0
1123000.0,500621.0,622379.0
1124000.0,501168.0,622832.0
1125000.0,501715.0,623285.0
1126000.0,502262.0,623738.0
1127000.0,502810.0,624190.0
1128000.0,503357.0,624643.0
1129000.0,503904.0,625096.0
1130000.0,504452.0,625548.0
1131000.0,504999.0,626001.0
1132000.0,505546.0,626454.0
1133000.0,506093.0,626907.0
1134000.0,506641.0,627359.0
1135000.0,507188.0,627812.0
1136000.0,507735.0,628265.0
1137000.0,508282.0,628718.0
1138000.0,508830.0,629170.0
1139000.0,509377.0,629623.0
1140000.0,509924.0,630076.0
1141000.0,510471.0,630529.0
1142000.0,511019.0,630981.0
1143000.0,511566.0,631434.0
1144000.0,512113.0,631887.0
1145000.0,512661.0,632339.0
1146000.0,513208.0,632792.0
1147000.0,513755.0,633245.0
1148000.0,514302.0,633698.0
1149000.0,514850.0,634150.0
1150000.0,515397.0,634603.0
1151000.0,515944.0,635056.0
1152000.0,516491.0,635509.0
1153000.0,517039.0,635961.0
1154000.0,517586.0,636414.0
1155000.0,518133.0,636867.0
1156000.0,518681.0,637319.0
1157000.0,519228.0,637772.0
1158000.0,519775.0,638225.0
1159000.0,520322.0,638678.0
1160000.0,520870.0,639130.0
1161000.0,521417.0,639583.0
1162000.0,521964.0,640036.0
1163000.0,522511.0,640489.0
1164000.0,523059.0,640941.0
1165000.0,523606.0,641394.0
1166000.0,524153.0,641847.0
1167000.0,524700.0,642300.0
1168000.0,525248.0,642752.0
1169000.0,525795.0,643205.0
1170000.0,526342.0,643658.0
1171000.0,526890.0,644110.0
1172000.0,527437.0,644563.0
1173000.0,527984.0,645016.0
1174000.0,528531.0,645469.0
1175000.0,529079.0,645921.0
1176000.0,529626.0,646374.0
1177000.0,530173.0,646827.0
1178000.0,530720.0,647280.0
1179000.0,531268.0,647732.0
1180000.0,531815.0,648185.0
1181000.0,532362.0,648638.0
1182000.0,532909.0,649091.0
1183000.0,533457.0,649543.0
1184000.0,534004.0,649996.0
1185000.0,534551.0,650449.0
1186000.0,535099.0,650901.0
1187000.0,535646.0,651354.0
1188000.0,536193.0,651807.0
1189000.0,536740.0,652260.0
1190000.0,537288.0,652712.0
1191000.0,537835.0,653165.0
1192000.0,538382.0,653618.0
1193000.0,538929.0,654071.0
1194000.0,539477.0,654523.0
1195000.0,540024.0,654976.0
1196000.0,540571.0,655429.0
1197000.0,541118.0,655882.0
1198000.0,541666.0,656334.0
1199000.0,542213.0,656787.0
1200000.0,542760.0,657240.0
1201000.0,543308.0,657692.0
1202000.0,543855.0,658145.0
1203000.0,544402.0,658598.0
1204000.0,544949.0,659051.0
1205000.0,545497.0,659503.0
1206000.0,546044.0,659956.0
1207000.0,546591.0,660409.0
1208000.0,547138.0,660862.0
1209000.0,547686.0,661314.0
1210000.0,548233.0,661767.0
1211000.0,548780.0,662220.0
1212000.0,549328.0,662672.0
1213000.0,549875.0,663125.0
1214000.0,550422.0,663578.0
1215000.0,550969.0,664031.0
1216000.0,551517.0,664483.0
1217000.0,552064.0,664936.0
1218000.0,552611.0,665389.0
1219000.0,553158.0,665842.0
1220000.0,553706.0,666294.0
1221000.0,554253.0,666747.0
1222000.0,554800.0,667200.0
1223000.0,555347.0,667653.0
1224000.0,555895.0,668105.0
1225000.0,556442.0,668558.0
1226000.0,556989.0,669011.0
1227000.0,557537.0,669463.0
1228000.0,558084.0,669916.0
1229000.0,558631.0,670369.0
1230000.0,559178.0,670822.0
1231000.0,559726.0,671274.0
1232000.0,560273.0,671727.0
1233000.0,560820.0,672180.0
1234000.0,561367.0,672633.0
1235000.0,561915.0,673085.0
1236000.0,562462.0,673538.0
1237000.0,563009.0,673991.0
1238000.0,563556.0,674444.0
1239000.0,564104.0,674896.0
1240000.0,564651.0,675349.0
1241000.0,565198.0,675802.0
1242000.0,565746.0,676254.0
1243000.0,566293.0,676707.0
1244000.0,566840.0,677160.0
1245000.0,567387.0,677613.0
1246000.0,567935.0,678065.0
1247000.0,568482.0,678518.0
1248000.0,569029.0,678971.0
1249000.0,569576.0,679424.0
1250000.0,570124.0,679876.0
1251000.0,570671.0,680329.0
1252000.0,571218.0,680782.0
1253000.0,571766.0,681234.0
1254000.0,572313.0,681687.0
1255000.0,572860.0,682140.0
1256000.0,573407.0,682593.0
1257000.0,573955.0,683045.0
1258000.0,574502.0,683498.0
1259000.0,575049.0,683951.0
1260000.0,575596.0,684404.0
1261000.0,576144.0,684856.0
1262000.0,576691.0,685309.0
1263000.0,577238.0,685762.0
1264000.0,577785.0,686215.0
1265000.0,578333.0,686667.0
1266000.0,578880.0,687120.0
1267000.0,579427.0,687573.0
1268000.0,579975.0,688025.0
1269000.0,580522.0,688478.0
1270000.0,581069.0,688931.0
1271000.0,581616.0,689384.0
1272000.0,582164.0,689836.0
1273000.0,582711.0,690289.0
1274000.0,583258.0,690742.0
1275000.0,583805.0,691195.0
1276000.0,584353.0,691647.0
1277000.0,584900.0,692100.0
1278000.0,585447.0,692553.0
1279000.0,585994.0,693006.0
1280000.0,586542.0,693458.0
1281000.0,587089.0,693911.0
1282000.0,587636.0,694364.0
1283000.0,588184.0,694816.0
1284000.0,588731.0,695269.0
1285000.0,589278.0,695722.0
1286000.0,589825.0,696175.0
1287000.0,590373.0,696627.0
1288000.0,590920.0,697080.0
1289000.0,591467.0,697533.0
1290000.0,592014.0,697986.0
1291000.0,592562.0,698438.0
1292000.0,593109.0,698891.0
1293000.0,593656.0,699344.0
1294000.0,594203.0,699797.0
1295000.0,594751.0,700249.0
1296000.0,595298.0,700702.0
1297000.0,595845.0,701155.0
1298000.0,596393.0,701607.0
1299000.0,596940.0,702060.0
1300000.0,597487.0,702513.0
1301000.0,598034.0,702966.0
1302000.0,598582.0,703418.0
1303000.0,599129.0,703871.0
1304000.0,599676.0,704324.0
1305000.0,600223.0,704777.0
1306000.0,600771.0,705229.0
1307000.0,601318.0,705682.0
1308000.0,601865.0,706135.0
1309000.0,602413.0,706587.0
1310000.0,602960.0,707040.0
1311000.0,603507.0,707493.0
1312000.0,604054.0,707946.0
1313000.0,604602.0,708398.0
1314000.0,605149.0,708851.0
1315000.0,605696.0,709304.0
1316000.0,606243.0,709757.0
1317000.0,606791.0,710209.0
1318000.0,607338.0,710662.0
1319000.0,607885.0,711115.0
1320000.0,608432.0,711568.0
1321000.0,608980.0,712020.0
1322000.0,609527.0,712473.0
1323000.0,610074.0,712926.0
1324000.0,610622.0,713378.0
1325000.0,611169.0,713831.0
1326000.0,611716.0,714284.0
1327000.0,612263.0,714737.0
1328000.0,612811.0,715189.0
1329000.0,613358.0,715642.0
1330000.0,613905.0,716095.0
1331000.0,614452.0,716548.0
1332000.0,615000.0,717000.0
1333000.0,615547.0,717453.0
1334000.0,616094.0,717906.0
1335000.0,616641.0,718359.0
1336000.0,617189.0,718811.0
1337000.0,617736.0,719264.0
1338000.0,618283.0,719717.0
1339000.0,618831.0,720169.0
1340000.0,619378.0,720622.0
1341000.0,619925.0,721075.0
1342000.0,620472.0,721528.0
1343000.0,621020.0,721980.0
1344000.0,621567.0,722433.0
1345000.0,622114.0,722886.0
1346000.0,622661.0,723339.0
1347000.0,623209.0,723791.0
1348000.0,623756.0,724244.0
1349000.0,624303.0,724697.0
1350000.0,624851.0,725149.0
1351000.0,625398.0,725602.0
1352000.0,625945.0,726055.0
1353000.0,626492.0,726508.0
1354000.0,627040.0,726960.0
1355000.0,627587.0,727413.0
1356000.0,628134.0,727866.0
1357000.0,628681.0,728319.0
1358000.0,629229.0,728771.0
1359000.0,629776.0,729224.0
1360000.0,630323.0,729677.0
1361000.0,630870.0,730130.0
1362000.0,631418.0,730582.0
1363000.0,631965.0,731035.0
1364000.0,632512.0,731488.0
1365000.0,633060.0,731940.0
1366000.0,633607.0,732393.0
1367000.0,634154.0,732846.0
1368000.0,634701.0,733299.0
1369000.0,635249.0,733751.0
1370000.0,635796.0,734204.0
1371000.0,636343.0,734657.0
1372000.0,636890.0,735110.0
1373000.0,637438.0,735562.0
1374000.0,637985.0,736015.0
1375000.0,638532.0,736468.0
1376000.0,639079.0,736921.0
1377000.0,639627.0,737373.0
1378000.0,640174.0,737826.0
1379000.0,640721.0,738279.0
1380000.0,641269.0,738731.0
1381000.0,641816.0,739184.0
1382000.0,642363.0,739637.0
1383000.0,642910.0,740090.0
1384000.0,643458.0,740542.0
1385000.0,644005.0,740995.0
1386000.0,644552.0,741448.0
1387000.0,645099.0,741901.0
1388000.0,645647.0,742353.0
1389000.0,646194.0,742806.0
1390000.0,646741.0,743259.0
1391000.0,647288.0,743712.0
1392000.0,647836.0,744164.0
1393000.0,648383.0,744617.0
1394000.0,648930.0,745070.0
1395000.0,649478.0,745522.0
1396000.0,650025.0,745975.0
1397000.0,650572.0,746428.0
1398000.0,651119.0,746881.0
1399000.0,651667.0,747333.0
1400000.0,652214.0,747786.0
1401000.0,652761.0,748239.0
1402000.0,653308.0,748692.0
1403000.0,653856.0,749144.0
1404000.0,654403.0,749597.0
1405000.0,654950.0,750050.0
1406000.0,655498.0,750502.0
1407000.0,656045.0,750955.0
1408000.0,656592.0,751408.0
1409000.0,657139.0,751861.0
1410000.0,657687.0,752313.0
1411000.0,658234.0,752766.0
1412000.0,658781.0,753219.0
1413000.0,659328.0,753672.0
1414000.0,659876.0,754124.0
1415000.0,660423.0,754577.0
1416000.0,660970.0,755030.0
1417000.0,661517.0,755483.0
1418000.0,662065.0,755935.0
1419000.0,662612.0,756388.0
1420000.0,663159.0,756841.0
1421000.0,663707.0,757293.0
1422000.0,664254.0,757746.0
1423000.0,664801.0,758199.0
1424000.0,665348.0,758652.0
1425000.0,665896.0,759104.0
1426000.0,666443.0,759557.0
1427000.0,666990.0,760010.0
1428000.0,667537.0,760463.0
1429000.0,668085.0,760915.0
1430000.0,668632.0,761368.0
1431000.0,669179.0,761821.0
1432000.0,669726.0,762274.0
1433000.0,670274.0,762726.0
1434000.0,670821.0,763179.0
1435000.0,671368.0,763632.0
1436000.0,671916.0,764084.0
1437000.0,672463.0,764537.0
1438000.0,673010.0,764990.0
1439000.0,673557.0,765443.0
1440000.0,674105.0,765895.0
1441000.0,674652.0,766348.0
1442000.0,675199.0,766801.0
1443000.0,675746.0,767254.0
1444000.0,676294.0,767706.0
1445000.0,676841.0,768159.0
1446000.0,677388.0,768612.0
1447000.0,677935.0,769065.0
1448000.0,678483.0,769517.0
1449000.0,679030.0,769970.0
1450000.0,679577.0,770423.0
1451000.0,680125.0,770875.0
1452000.0,680672.0,771328.0
1453000.0,681219.0,771781.0
1454000.0,681766.0,772234.0
1455000.0,682314.0,772686.0
1456000.0,682861.0,773139.0
1457000.0,683408.0,773592.0
1458000.0,683955.0,774045.0
1459000.0,684503.0,774497.0
1460000.0,685050.0,774950.0
1461000.0,685597.0,775403.0
1462000.0,686145.0,775855.0
1463000.0,686692.0,776308.0
1464000.0,687239.0,776761.0
1465000.0,687786.0,777214.0
1466000.0,688334.0,777666.0
1467000.0,688881.0,778119.0
1468000.0,689428.0,778572.0
1469000.0,689975.0,779025.0
1470000.0,690523.0,779477.0
1471000.0,691070.0,779930.0
1472000.0,691617.0,780383.0
1473000.0,692164.0,780836.0
1474000.0,692712.0,781288.0
1475000.0,693259.0,781741.0
1476000.0,693806.0,782194.0
1477000.0,694354.0,782646.0
1478000.0,694901.0,783099.0
1479000.0,695448.0,783552.0
1480000.0,695995.0,784005.0
1481000.0,696543.0,784457.0
1482000.0,697090.0,784910.0
1483000.0,697637.0,785363.0
1484000.0,698184.0,785816.0
1485000.0,698732.0,786268.0
1486000.0,699279.0,786721.0
1487000.0,699826.0,787174.0
1488000.0,700373.0,787627.0
1489000.0,700921.0,788079.0
1490000.0,701468.0,788532.0
1491000.0,702015.0,788985.0
1492000.0,702563.0,789437.0
1493000.0,703110.0,789890.0
1494000.0,703657.0,790343.0
1495000.0,704204.0,790796.0
1496000.0,704752.0,791248.0
1497000.0,705299.0,791701.0
1498000.0,705846.0,792154.0
1499000.0,706393.0,792607.0
1500000.0,706941.0,793059.0
1501000.0,707488.0,793512.0
1502000.0,708035.0,793965.0
1503000.0,708583.0,794417.0
1504000.0,709130.0,794870.0
1505000.0,709677.0,795323.0
1506000.0,710224.0,795776.0
1507000.0,710772.0,796228.0
1508000.0,711319.0,796681.0
1509000.0,711866.0,797134.0
1510000.0,712413.0,797587.0
1511000.0,712961.0,798039.0
1512000.0,713508.0,798492.0
1513000.0,714055.0,798945.0
1514000.0,714602.0,799398.0
1515000.0,715150.0,799850.0
1516000.0,715697.0,800303.0
1517000.0,716244.0,800756.0
1518000.0,716792.0,801208.0
1519000.0,717339.0,801661.0
1520000.0,717886.0,802114.0
1521000.0,718433.0,802567.0
1522000.0,718981.0,803019.0
1523000.0,719528.0,803472.0
1524000.0,720075.0,803925.0
1525000.0,720622.0,804378.0
1526000.0,721170.0,804830.0
1527000.0,721717.0,805283.0
1528000.0,722264.0,805736.0
1529000.0,722811.0,806189.0
1530000.0,723359.0,806641.0
1531000.0,723906.0,807094.0
1532000.0,724453.0,807547.0
1533000.0,725001.0,807999.0
1534000.0,725548.0,808452.0
1535000.0,726095.0,808905.0
1536000.0,726642.0,809358.0
1537000.0,727190.0,809810.0
1538000.0,727737.0,810263.0
1539000.0,728284.0,810716.0
1540000.0,728831.0,811169.0
1541000.0,729379.0,811621.0
1542000.0,729926.0,812074.0
1543000.0,730473.0,812527.0
1544000.0,731020.0,812980.0
1545000.0,731568.0,813432.0
1546000.0,732115.0,813885.0
1547000.0,732662.0,814338.0
1548000.0,733210.0,814790.0
1549000.0,733757.0,815243.0
1550000.0,734304.0,815696.0
1551000.0,734851.0,816149.0
1552000.0,735399.0,816601.0
1553000.0,735946.0,817054.0
1554000.0,736493.0,817507.0
1555000.0,737040.0,817960.0
1556000.0,737588.0,818412.0
1557000.0,738135.0,818865.0
1558000.0,738682.0,819318.0
1559000.0,739230.0,819770.0
1560000.0,739777.0,820223.0
1561000.0,740324.0,820676.0
1562000.0,740871.0,821129.0
1563000.0,741419.0,821581.0
1564000.0,741966.0,822034.0
1565000.0,742513.0,822487.0
1566000.0,743060.0,822940.0
1567000.0,743608.0,823392.0
1568000.0,744155.0,823845.0
1569000.0,744702.0,824298.0
1570000.0,745249.0,824751.0
1571000.0,745797.0,825203.0
1572000.0,746344.0,825656.0
1573000.0,746891.0,826109.0
1574000.0,747439.0,826561.0
1575000.0,747986.0,827014.0
1576000.0,748533.0,827467.0
1577000.0,749080.0,827920.0
1578000.0,749628.0,828372.0
1579000.0,750175.0,828825.0
1580000.0,750722.0,829278.0
1581000.0,751269.0,829731.0
1582000.0,751817.0,830183.0
1583000.0,752364.0,830636.0
1584000.0,752911.0,831089.0
1585000.0,753458.0,831542.0
1586000.0,754006.0,831994.0
1587000.0,754553.0,832447.0
1588000.0,755100.0,832900.0
1589000.0,755648.0,833352.0
1590000.0,756195.0,833805.0
1591000.0,756742.0,834258.0
1592000.0,757289.0,834711.0
1593000.0,757837.0,835163.0
1594000.0,758384.0,835616.0
1595000.0,758931.0,836069.0
1596000.0,759478.0,836522.0
1597000.0,760026.0,836974.0
1598000.0,760573.0,837427.0
1599000.0,761120.0,837880.0
1600000.0,761668.0,838332.0
1601000.0,762215.0,838785.0
1602000.0,762762.0,839238.0
1603000.0,763309.0,839691.0
1604000.0,763857.0,840143.0
1605000.0,764404.0,840596.0
1606000.0,764951.0,841049.0
1607000.0,765498.0,841502.0
1608000.0,766046.0,841954.0
1609000.0,766593.0,842407.0
1610000.0,767140.0,842860.0
1611000.0,767687.0,843313.0
1612000.0,768235.0,843765.0
1613000.0,768782.0,844218.0
1614000.0,769329.0,844671.0
1615000.0,769877.0,845123.0
1616000.0,770424.0,845576.0
1617000.0,770971.0,846029.0
1618000.0,771518.0,846482.0
1619000.0,772066.0,846934.0
1620000.0,772613.0,847387.0
1621000.0,773160.0,847840.0
1622000.0,773707.0,848293.0
1623000.0,774255.0,848745.0
1624000.0,774802.0,849198.0
1625000.0,775349.0,849651.0
1626000.0,775896.0,850104.0
1627000.0,776444.0,850556.0
1628000.0,776991.0,851009.0
1629000.0,777538.0,851462.0
1630000.0,778086.0,851914.0
1631000.0,778633.0,852367.0
1632000.0,779180.0,852820.0
1633000.0,779727.0,853273.0
1634000.0,780275.0,853725.0
1635000.0,780822.0,854178.0
1636000.0,781369.0,854631.0
1637000.0,781916.0,855084.0
1638000.0,782464.0,855536.0
1639000.0,783011.0,855989.0
1640000.0,783558.0,856442.0
1641000.0,784105.0,856895.0
1642000.0,784653.0,857347.0
1643000.0,785200.0,857800.0
1644000.0,785747.0,858253.0
1645000.0,786295.0,858705.0
1646000.0,786842.0,859158.0
1647000.0,787389.0,859611.0
1648000.0,787936.0,860064.0
1649000.0,788484.0,860516.0
1650000.0,789031.0,860969.0
1651000.0,789578.0,861422.0
1652000.0,790125.0,861875.0
1653000.0,790673.0,862327.0
1654000.0,791220.0,862780.0
1655000.0,791767.0,863233.0
1656000.0,792315.0,863685.0
1657000.0,792862.0,864138.0
1658000.0,793409.0,864591.0
1659000.0,793956.0,865044.0
1660000.0,794504.0,865496.0
1661000.0,795051.0,865949.0
1662000.0,795598.0,866402.0
1663000.0,796145.0,866855.0
1664000.0,796693.0,867307.0
1665000.0,797240.0,867760.0
1666000.0,797787.0,868213.0
1667000.0,798334.0,868666.0
1668000.0,798882.0,869118.0
1669000.0,799429.0,869571.0
1670000.0,799976.0,870024.0
1671000.0,800524.0,870476.0
1672000.0,801071.0,870929.0
1673000.0,801618.0,871382.0
1674000.0,802165.0,871835.0
1675000.0,802713.0,872287.0
1676000.0,803260.0,872740.0
1677000.0,803807.0,873193.0
1678000.0,804354.0,873646.0
1679000.0,804902.0,874098.0
1680000.0,805449.0,874551.0
1681000.0,805996.0,875004.0
1682000.0,806543.0,875457.0
1683000.0,807091.0,875909.0
1684000.0,807638.0,876362.0
1685000.0,808185.0,876815.0
1686000.0,808733.0,877267.0
1687000.0,809280.0,877720.0
1688000.0,809827.0,878173.0
1689000.0,810374.0,878626.0
1690000.0,810922.0,879078.0
1691000.0,811469.0,879531.0
1692000.0,812016.0,879984.0
1693000.0,812563.0,880437.0
1694000.0,813111.0,880889.0
1695000.0,813658.0,881342.0
1696000.0,814205.0,881795.0
1697000.0,814752.0,882248.0
1698000.0,815300.0,882700.0
1699000.0,815847.0,883153.0
1700000.0,816394.0,883606.0
1701000.0,816942.0,884058.0
1702000.0,817489.0,884511.0
1703000.0,818036.0,884964.0
1704000.0,818583.0,885417.0
1705000.0,819131.0,885869.0
1706000.0,819678.0,886322.0
1707000.0,820225.0,886775.0
1708000.0,820772.0,887228.0
1709000.0,821320.0,887680.0
1710000.0,821867.0,888133.0
1711000.0,822414.0,888586.0
1712000.0,822962.0,889038.0
1713000.0,823509.0,889491.0
1714000.0,824056.0,889944.0
1715000.0,824603.0,890397.0
1716000.0,825151.0,890849.0
1717000.0,825698.0,891302.0
1718000.0,826245.0,891755.0
1719000.0,826792.0,892208.0
1720000.0,827340.0,892660.0
1721000.0,827887.0,893113.0
1722000.0,828434.0,893566.0
1723000.0,828981.0,894019.0
1724000.0,829529.0,894471.0
1725000.0,830076.0,894924.0
1726000.0,830623.0,895377.0
1727000.0,831171.0,895829.0
1728000.0,831718.0,896282.0
1729000.0,832265.0,896735.0
1730000.0,832812.0,897188.0
1731000.0,833360.0,897640.0
1732000.0,833907.0,898093.0
1733000.0,834454.0,898546.0
1734000.0,835001.0,898999.0
1735000.0,835549.0,899451.0
1736000.0,836096.0,899904.0
1737000.0,836643.0,900357.0
1738000.0,837190.0,900810.0
1739000.0,837738.0,901262.0
1740000.0,838285.0,901715.0
1741000.0,838832.0,902168.0
1742000.0,839380.0,902620.0
1743000.0,839927.0,903073.0
1744000.0,840474.0,903526.0
1745000.0,841021.0,903979.0
1746000.0,841569.0,904431.0
1747000.0,842116.0,904884.0
1748000.0,842663.0,905337.0
1749000.0,843210.0,905790.0
1750000.0,843758.0,906242.0
1751000.0,844305.0,906695.0
1752000.0,844852.0,907148.0
1753000.0,845400.0,907600.0
1754000.0,845947.0,908053.0
1755000.0,846494.0,908506.0
1756000.0,847041.0,908959.0
1757000.0,847589.0,909411.0
1758000.0,848136.0,909864.0
1759000.0,848683.0,910317.0
1760000.0,849230.0,910770.0
1761000.0,849778.0,911222.0
1762000.0,850325.0,911675.0
1763000.0,850872.0,912128.0
1764000.0,851419.0,912581.0
1765000.0,851967.0,913033.0
1766000.0,852514.0,913486.0
1767000.0,853061.0,913939.0
1768000.0,853609.0,914391.0
1769000.0,854156.0,914844.0
1770000.0,854703.0,915297.0
1771000.0,855250.0,915750.0
1772000.0,855798.0,916202.0
1773000.0,856345.0,916655.0
1774000.0,856892.0,917108.0
1775000.0,857439.0,917561.0
1776000.0,857987.0,918013.0
1777000.0,858534.0,918466.0
1778000.0,859081.0,918919.0
1779000.0,859628.0,919372.0
1780000.0,860176.0,919824.0
1781000.0,860723.0,920277.0
1782000.0,861270.0,920730.0
1783000.0,861818.0,921182.0
1784000.0,862365.0,921635.0
1785000.0,862912.0,922088.0
1786000.0,863459.0,922541.0
1787000.0,864007.0,922993.0
1788000.0,864554.0,923446.0
1789000.0,865101.0,923899.0
1790000.0,865648.0,924352.0
1791000.0,866196.0,924804.0
1792000.0,866743.0,925257.0
1793000.0,867290.0,925710.0
1794000.0,867837.0,926163.0
1795000.0,868385.0,926615.0
1796000.0,868932.0,927068.0
1797000.0,869479.0,927521.0
1798000.0,870027.0,927973.0
1799000.0,870574.0,928426.0
1800000.0,871121.0,928879.0
1801000.0,871668.0,929332.0
1802000.0,872216.0,929784.0
1803000.0,872763.0,930237.0
1804000.0,873310.0,930690.0
1805000.0,873857.0,931143.0
1806000.0,874405.0,931595.0
1807000.0,874952.0,932048.0
1808000.0,875499.0,932501.0
1809000.0,876047.0,932953.0
1810000.0,876594.0,933406.0
1811000.0,877141.0,933859.0
1812000.0,877688.0,934312.0
1813000.0,878236.0,934764.0
1814000.0,878783.0,935217.0
1815000.0,879330.0,935670.0
1816000.0,879877.0,936123.0
1817000.0,880425.0,936575.0
1818000.0,880972.0,937028.0
1819000.0,881519.0,937481.0
1820000.0,882066.0,937934.0
1821000.0,882614.0,938386.0
1822000.0,883161.0,938839.0
1823000.0,883708.0,939292.0
1824000.0,884256.0,939744.0
1825000.0,884803.0,940197.0
1826000.0,885350.0,940650.0
1827000.0,885897.0,941103.0
1828000.0,886445.0,941555.0
1829000.0,886992.0,942008.0
1830000.0,887539.0,942461.0
1831000.0,888086.0,942914.0
1832000.0,888634.0,943366.0
1833000.0,889181.0,943819.0
1834000.0,889728.0,944272.0
1835000.0,890275.0,944725.0
1836000.0,890823.0,945177.0
1837000.0,891370.0,945630.0
1838000.0,891917.0,946083.0
1839000.0,892465.0,946535.0
1840000.0,893012.0,946988.0
1841000.0,893559.0,947441.0
1842000.0,894106.0,947894.0
1843000.0,894654.0,948346.0
1844000.0,895201.0,948799.0
1845000.0,895748.0,949252.0
1846000.0,896295.0,949705.0
1847000.0,896843.0,950157.0
1848000.0,897390.0,950610.0
1849000.0,897937.0,951063.0
1850000.0,898485.0,951515.0
1851000.0,899032.0,951968.0
1852000.0,899579.0,952421.0
1853000.0,900126.0,952874.0
1854000.0,900674.0,953326.0
1855000.0,901221.0,953779.0
1856000.0,901768.0,954232.0
1857000.0,902315.0,954685.0
1858000.0,902863.0,955137.0
1859000.0,903410.0,955590.0
1860000.0,903957.0,956043.0
1861000.0,904504.0,956496.0
1862000.0,905052.0,956948.0
1863000.0,905599.0,957401.0
1864000.0,906146.0,957854.0
1865000.0,906694.0,958306.0
1866000.0,907241.0,958759.0
1867000.0,907788.0,959212.0
1868000.0,908335.0,959665.0
1869000.0,908883.0,960117.0
1870000.0,909430.0,960570.0
1871000.0,909977.0,961023.0
1872000.0,910524.0,961476.0
1873000.0,911072.0,961928.0
1874000.0,911619.0,962381.0
1875000.0,912166.0,962834.0
1876000.0,912713.0,963287.0
1877000.0,913261.0,963739.0
1878000.0,913808.0,964192.0
1879000.0,914355.0,964645.0
1880000.0,914903.0,965097.0
1881000.0,915450.0,965550.0
1882000.0,915997.0,966003.0
1883000.0,916544.0,966456.0
1884000.0,917092.0,966908.0
1885000.0,917639.0,967361.0
1886000.0,918186.0,967814.0
1887000.0,918733.0,968267.0
1888000.0,919281.0,968719.0
1889000.0,919828.0,969172.0
1890000.0,920375.0,969625.0
1891000.0,920922.0,970078.0
1892000.0,921470.0,970530.0
1893000.0,922017.0,970983.0
1894000.0,922564.0,971436.0
1895000.0,923112.0,971888.0
1896000.0,923659.0,972341.0
1897000.0,924206.0,972794.0
1898000.0,924753.0,973247.0
1899000.0,925301.0,973699.0
1900000.0,925848.0,974152.0
1901000.0,926395.0,974605.0
1902000.0,926942.0,975058.0
1903000.0,927490.0,975510.0
1904000.0,928037.0,975963.0
1905000.0,928584.0,976416.0
1906000.0,929132.0,976868.0
1907000.0,929679.0,977321.0
1908000.0,930226.0,977774.0
1909000.0,930773.0,978227.0
1910000.0,931321.0,978679.0
1911000.0,931868.0,979132.0
1912000.0,932415.0,979585.0
1913000.0,932962.0,980038.0
1914000.0,933510.0,980490.0
1915000.0,934057.0,980943.0
1916000.0,934604.0,981396.0
1917000.0,935151.0,981849.0
1918000.0,935699.0,982301.0
1919000.0,936246.0,982754.0
1920000.0,936793.0,983207.0
1921000.0,937341.0,983659.0
1922000.0,937888.0,984112.0
1923000.0,938435.0,984565.0
1924000.0,938982.0,985018.0
1925000.0,939530.0,985470.0
1926000.0,940077.0,985923.0
1927000.0,940624.0,986376.0
1928000.0,941171.0,986829.0
1929000.0,941719.0,987281.0
1930000.0,942266.0,987734.0
1931000.0,942813.0,988187.0
1932000.0,943360.0,988640.0
1933000.0,943908.0,989092.0
1934000.0,944455.0,989545.0
1935000.0,945002.0,989998.0
1936000.0,945550.0,990450.0
1937000.0,946097.0,990903.0
1938000.0,946644.0,991356.0
1939000.0,947191.0,991809.0
1940000.0,947739.0,992261.0
1941000.0,948286.0,992714.0
1942000.0,948833.0,993167.0
1943000.0,949380.0,993620.0
1944000.0,949928.0,994072.0
1945000.0,950475.0,994525.0
1946000.0,951022.0,994978.0
1947000.0,951569.0,995431.0
1948000.0,952117.0,995883.0
1949000.0,952664.0,996336.0
1950000.0,953211.0,996789.0
1951000.0,953759.0,997241.0
1952000.0,954306.0,997694.0
1953000.0,954853.0,998147.0
1954000.0,955400.0,998600.0
1955000.0,955948.0,999052.0
1956000.0,956495.0,999505.0
1957000.0,957042.0,999958.0
1958000.0,957589.0,1000411.0
1959000.0,958137.0,1000863.0
1960000.0,958684.0,1001316.0
1961000.0,959231.0,1001769.0
1962000.0,959779.0,1002221.0
1963000.0,960326.0,1002674.0
1964000.0,960873.0,1003127.0
1965000.0,961420.0,1003580.0
1966000.0,961968.0,1004032.0
1967000.0,962515.0,1004485.0
1968000.0,963062.0,1004938.0
1969000.0,963609.0,1005391.0
1970000.0,964157.0,1005843.0
1971000.0,964704.0,1006296.0
1972000.0,965251.0,1006749.0
1973000.0,965798.0,1007202.0
1974000.0,966346.0,1007654.0
1975000.0,966893.0,1008107.0
1976000.0,967440.0,1008560.0
1977000.0,967988.0,1009012.0
1978000.0,968535.0,1009465.0
1979000.0,969082.0,1009918.0
1980000.0,969629.0,1010371.0
1981000.0,970177.0,1010823.0
1982000.0,970724.0,1011276.0
1983000.0,971271.0,1011729.0
1984000.0,971818.0,1012182.0
1985000.0,972366.0,1012634.0
1986000.0,972913.0,1013087.0
1987000.0,973460.0,1013540.0
1988000.0,974007.0,1013993.0
1989000.0,974555.0,1014445.0
1990000.0,975102.0,1014898.0
1991000.0,975649.0,1015351.0
1992000.0,976197.0,1015803.0
1993000.0,976744.0,1016256.0
1994000.0,977291.0,1016709.0
1995000.0,977838.0,1017162.0
1996000.0,978386.0,1017614.0
1997000.0,978933.0,1018067.0
1998000.0,979480.0,1018520.0
1999000.0,980027.0,1018973.0
2000000.0,980575.0,1019425.0
